Date,Total Downloads,Latest Release Downloads,Version,Total Clones,Unique Cloners,Total Views,Unique Visitors
2026-09-14T13:55:31Z,0,0,v1.0.0,0,0,0,0
2026-09-15T03:53:59Z,0,0,v1.0.0,0,0,0,0
2026-09-15T16:55:06Z,0,0,v1.0.0,21,14,69,3
2026-09-15T20:11:06Z,0,0,v1.0.0,21,14,69,3
2026-09-16T03:51:11Z,0,0,v1.0.0,21,14,69,3
2026-09-17T03:56:21Z,0,0,v1.0.0,53,27,93,3
2026-09-18T03:43:22Z,0,0,v1.0.0,59,30,97,3
2026-09-19T03:40:22Z,0,0,v1.0.0,63,31,99,3
2026-09-20T03:56:21Z,0,0,v1.0.0,76,37,100,4
2026-09-21T03:53:36Z,0,0,v1.0.0,82,40,100,4
2026-09-22T03:50:23Z,0,0,v1.0.0,106,55,100,4
2026-09-23T03:48:46Z,0,0,v1.0.0,115,59,100,4
2026-09-24T03:40:48Z,0,0,v1.0.0,133,68,95,3
2026-09-25T03:57:09Z,0,0,v1.0.0,141,71,92,3
